{
  "version": 1,
  "author": "Uri Shaked",
  "editor": "wokwi",
  "parts": [
    { "type": "wokwi-breadboard", "id": "bb1", "top": -108.6, "left": -342.8, "attrs": {} },
    { "type": "wokwi-breadboard", "id": "bb2", "top": -319.8, "left": -342.8, "attrs": {} },
    {
      "type": "wokwi-esp32-devkit-v1",
      "id": "esp",
      "top": -238.9,
      "left": -249.6,
      "rotate": 90,
      "attrs": {}
    },
    {
      "type": "wokwi-led",
      "id": "led1",
      "top": -32.4,
      "left": -274.6,
      "attrs": { "color": "blue" }
    },
    {
      "type": "wokwi-led",
      "id": "led2",
      "top": -272.4,
      "left": -188.2,
      "attrs": { "color": "orange" }
    },
    {
      "type": "wokwi-led",
      "id": "led3",
      "top": -272.4,
      "left": -274.6,
      "attrs": { "color": "limegreen" }
    },
    {
      "type": "wokwi-led",
      "id": "led4",
      "top": -32.4,
      "left": -188.2,
      "attrs": { "color": "cyan" }
    },
    {
      "type": "wokwi-pushbutton",
      "id": "btn1",
      "top": -48.1,
      "left": -15.7,
      "rotate": 90,
      "attrs": { "color": "green" }
    },
    {
      "type": "wokwi-pushbutton",
      "id": "btn2",
      "top": -48.1,
      "left": -92.5,
      "rotate": 90,
      "attrs": { "color": "grey" }
    },
    {
      "type": "wokwi-pushbutton",
      "id": "btn3",
      "top": -259.3,
      "left": -92.5,
      "rotate": 90,
      "attrs": { "color": "blue" }
    },
    {
      "type": "wokwi-pushbutton",
      "id": "btn4",
      "top": -259.3,
      "left": -25.3,
      "rotate": 90,
      "attrs": { "color": "yellow" }
    },
    {
      "type": "wokwi-resistor",
      "id": "r1",
      "top": 41.8,
      "left": -288.85,
      "rotate": 270,
      "attrs": { "value": "1000" }
    },
    {
      "type": "wokwi-resistor",
      "id": "r2",
      "top": 43.2,
      "left": -192.55,
      "rotate": 90,
      "attrs": { "value": "1000" }
    },
    {
      "type": "wokwi-resistor",
      "id": "r3",
      "top": -274.15,
      "left": -279.8,
      "rotate": 180,
      "attrs": { "value": "1000" }
    },
    {
      "type": "wokwi-resistor",
      "id": "r4",
      "top": -274.15,
      "left": -203,
      "rotate": 180,
      "attrs": { "value": "1000" }
    },
    { "type": "wokwi-potentiometer", "id": "pot1", "top": -298.9, "left": 201.4, "attrs": {} },
    { "type": "wokwi-potentiometer", "id": "pot2", "top": -1.3, "left": 95.8, "attrs": {} },
    { "type": "wokwi-potentiometer", "id": "pot3", "top": -298.9, "left": 105.4, "attrs": {} },
    { "type": "wokwi-potentiometer", "id": "pot4", "top": -1.3, "left": 201.4, "attrs": {} }
  ],
  "connections": [
    [ "esp:TX0", "$serialMonitor:RX", "", [] ],
    [ "esp:RX0", "$serialMonitor:TX", "", [] ],
    [ "led2:A", "bb2:17t.e", "", [ "$bb" ] ],
    [ "led2:C", "bb2:16t.e", "", [ "$bb" ] ],
    [ "led3:A", "bb2:8t.e", "", [ "$bb" ] ],
    [ "led3:C", "bb2:7t.e", "", [ "$bb" ] ],
    [ "r4:1", "bb2:19t.a", "", [ "$bb" ] ],
    [ "r4:2", "bb2:13t.a", "", [ "$bb" ] ],
    [ "r3:1", "bb2:11t.a", "", [ "$bb" ] ],
    [ "r3:2", "bb2:5t.a", "", [ "$bb" ] ],
    [ "pot1:GND", "bb2:58t.e", "", [ "$bb" ] ],
    [ "pot1:SIG", "bb2:59t.e", "", [ "$bb" ] ],
    [ "pot1:VCC", "bb2:60t.e", "", [ "$bb" ] ],
    [ "pot3:GND", "pot1:GND", "black", [ "v0" ] ],
    [ "pot4:GND", "pot2:GND", "black", [ "v0" ] ],
    [ "pot1:GND", "pot4:GND", "black", [ "v0" ] ],
    [ "esp:D25", "led2:C", "green", [ "v0" ] ],
    [ "esp:D26", "led3:A", "green", [ "v0" ] ],
    [ "esp:D27", "led4:C", "green", [ "v0" ] ],
    [ "esp:D14", "led1:A", "green", [ "v0" ] ],
    [ "esp:GND.1", "r1:1", "black", [ "v0" ] ],
    [ "led1:A", "bb1:8b.f", "", [ "$bb" ] ],
    [ "led1:C", "bb1:7b.f", "", [ "$bb" ] ],
    [ "led4:A", "bb1:17b.f", "", [ "$bb" ] ],
    [ "led4:C", "bb1:16b.f", "", [ "$bb" ] ],
    [ "r1:1", "bb1:bp.5", "", [ "$bb" ] ],
    [ "r1:2", "bb1:7b.g", "", [ "$bb" ] ],
    [ "r2:1", "bb1:17b.g", "", [ "$bb" ] ],
    [ "r2:2", "bb1:bp.13", "", [ "$bb" ] ],
    [ "esp:GND.1", "bb1:tn.6", "", [ "$bb" ] ],
    [ "esp:D15", "bb1:tn.7", "", [ "$bb" ] ],
    [ "esp:D2", "bb1:tn.8", "", [ "$bb" ] ],
    [ "esp:D4", "bb1:tn.9", "", [ "$bb" ] ],
    [ "esp:RX2", "bb1:tn.10", "", [ "$bb" ] ],
    [ "esp:D5", "bb1:tn.11", "", [ "$bb" ] ],
    [ "esp:D18", "bb1:tn.12", "", [ "$bb" ] ],
    [ "esp:D19", "bb1:tn.13", "", [ "$bb" ] ],
    [ "esp:D21", "bb1:tn.14", "", [ "$bb" ] ],
    [ "esp:RX0", "bb1:tn.15", "", [ "$bb" ] ],
    [ "esp:D22", "bb1:tn.16", "", [ "$bb" ] ],
    [ "esp:D23", "bb1:tn.17", "", [ "$bb" ] ],
    [ "esp:VIN", "bb2:8b.h", "", [ "$bb" ] ],
    [ "esp:GND.2", "bb2:9b.h", "", [ "$bb" ] ],
    [ "esp:D13", "bb2:10b.h", "", [ "$bb" ] ],
    [ "esp:D12", "bb2:11b.h", "", [ "$bb" ] ],
    [ "esp:D14", "bb2:12b.h", "", [ "$bb" ] ],
    [ "esp:D27", "bb2:13b.h", "", [ "$bb" ] ],
    [ "esp:D26", "bb2:14b.h", "", [ "$bb" ] ],
    [ "esp:D25", "bb2:15b.h", "", [ "$bb" ] ],
    [ "esp:D33", "bb2:16b.h", "", [ "$bb" ] ],
    [ "esp:D32", "bb2:17b.h", "", [ "$bb" ] ],
    [ "esp:D35", "bb2:18b.h", "", [ "$bb" ] ],
    [ "esp:D34", "bb2:19b.h", "", [ "$bb" ] ],
    [ "esp:VN", "bb2:20b.h", "", [ "$bb" ] ],
    [ "esp:VP", "bb2:21b.h", "", [ "$bb" ] ],
    [ "esp:EN", "bb2:22b.h", "", [ "$bb" ] ],
    [ "r2:2", "r1:1", "green", [ "h0" ] ],
    [ "esp:GND.2", "r3:1", "black", [ "v0" ] ],
    [ "r4:2", "r3:1", "green", [ "v0" ] ],
    [ "led2:A", "r4:1", "green", [ "v0" ] ],
    [ "led3:C", "r3:2", "green", [ "v0" ] ],
    [ "led4:A", "r2:1", "green", [ "v0" ] ],
    [ "led1:C", "r1:2", "green", [ "v0" ] ],
    [ "btn3:1.l", "bb2:29t.a", "", [ "$bb" ] ],
    [ "btn3:2.l", "bb2:27t.a", "", [ "$bb" ] ],
    [ "btn3:1.r", "bb2:29b.f", "", [ "$bb" ] ],
    [ "btn3:2.r", "bb2:27b.f", "", [ "$bb" ] ],
    [ "btn4:1.l", "bb2:36t.a", "", [ "$bb" ] ],
    [ "btn4:2.l", "bb2:34t.a", "", [ "$bb" ] ],
    [ "btn4:1.r", "bb2:36b.f", "", [ "$bb" ] ],
    [ "btn4:2.r", "bb2:34b.f", "", [ "$bb" ] ],
    [ "btn2:1.l", "bb1:29t.a", "", [ "$bb" ] ],
    [ "btn2:2.l", "bb1:27t.a", "", [ "$bb" ] ],
    [ "btn2:1.r", "bb1:29b.f", "", [ "$bb" ] ],
    [ "btn2:2.r", "bb1:27b.f", "", [ "$bb" ] ],
    [ "btn1:1.l", "bb1:37t.a", "", [ "$bb" ] ],
    [ "btn1:2.l", "bb1:35t.a", "", [ "$bb" ] ],
    [ "btn1:1.r", "bb1:37b.f", "", [ "$bb" ] ],
    [ "btn1:2.r", "bb1:35b.f", "", [ "$bb" ] ],
    [ "esp:D35", "btn3:2.r", "green", [ "v0" ] ],
    [ "esp:D34", "btn2:2.l", "green", [ "v0" ] ],
    [ "esp:D32", "bb2:34b.h", "green", [ "v0" ] ],
    [ "btn4:2.r", "bb2:34b.h", "green", [ "v0" ] ],
    [ "esp:D33", "bb1:35t.b", "green", [ "v0" ] ],
    [ "esp:3V3", "bb2:bn.30", "green", [ "v0" ] ],
    [ "btn4:1.r", "bb2:bn.29", "green", [ "v0" ] ],
    [ "btn1:1.l", "bb2:bn.30", "green", [ "v0" ] ],
    [ "btn2:1.l", "bb2:bn.23", "green", [ "v0" ] ],
    [ "btn3:1.r", "btn2:1.l", "green", [ "v0" ] ],
    [ "esp:GND.1", "pot2:GND", "black", [ "v0" ] ],
    [ "esp:D15", "pot2:SIG", "green", [ "v0" ] ],
    [ "esp:D2", "pot4:SIG", "green", [ "v0" ] ],
    [ "esp:D4", "pot3:SIG", "green", [ "v0" ] ],
    [ "esp:D4", "pot1:SIG", "green", [ "v0" ] ],
    [ "pot3:GND", "bb2:48t.e", "", [ "$bb" ] ],
    [ "pot3:SIG", "bb2:49t.e", "", [ "$bb" ] ],
    [ "pot3:VCC", "bb2:50t.e", "", [ "$bb" ] ]
  ],
  "dependencies": {}
}